試合日時（時刻含む）,Season,Kind,Week,Day,GameNumber,主審,後攻チーム,先攻チーム,プレイの番号,回,表/裏,先攻得点,後攻得点,S,B,アウト,打席の継続,イニング継続,試合継続,一走打順,一走氏名,二走打順,二走氏名,三走打順,三走氏名,打順,打者氏名,打席左右,作戦,作戦２,作戦結果,投手氏名,投手左右,球数,捕手,一走状況,二走状況,三走状況,打者状況,プレイの種類,構え,コースX,コースY,球種,打撃結果,打撃結果２,捕球選手,打球タイプ,打球強度,打球位置X,打球位置Y,牽制の種類,牽制詳細,エラーの種類,タイムの種類,球速,1番守備,2番守備,3番守備,4番守備,5番守備,6番守備,7番守備,8番守備,9番守備,1番氏名,2番氏名,3番氏名,4番氏名,5番氏名,6番氏名,7番氏名,8番氏名,9番氏名,投手氏名,1番守備,2番守備,3番守備,4番守備,5番守備,6番守備,7番守備,8番守備,9番守備,1番氏名,2番氏名,3番氏名,4番氏名,5番氏名,6番氏名,7番氏名,8番氏名,9番氏名,投手氏名,1番○打,1番タイプ,2番○打,2番タイプ,3番○打,3番タイプ,4番○打,4番タイプ,5番○打,5番タイプ,6番○打,6番タイプ,7番○打,7番タイプ,8番○打,8番タイプ,9番○打,9番タイプ,投手○投,投手背番号,1番○打,1番タイプ,2番○打,2番タイプ,3番○打,3番タイプ,4番○打,4番タイプ,5番○打,5番タイプ,6番○打,6番タイプ,7番○打,7番タイプ,8番○打,8番タイプ,9番○打,9番タイプ,投手○投,投手背番号,首振り,1,2,3,4,5,6,7,8,9,10,11,12,13,14,15,1,2,3,4,5,6,7,8,9,10,11,12,13,14,15,球種１,球種２,球種３,球種４,球種１,球種２,球種３,球種４,3,4,5,6,7,8,9,記録者,攻撃チーム,勝利チーム,得点チーム,投球数／打席,タイミング,リアクション,打者タイプ,クイック,牽制の強さ
2026-10-01 12:01:03,秋季,リーグ戦,1,1,1,,滋賀大学(テスト),対戦校(テスト),1,1,表,0,0,0,0,0,打席継続,イニング開始,試合開始,0,0,0,0,0,0,1,選手B01,右,0,0,0,井上　隆太,右,1,選手A01,0,0,0,0,投球,0,35.94612871559777,81.18530930338912,ストレート,ボール,0,0,0,0,0,0,0,0,0,0,0,2,選手B01,3,樋口　雄斗,4,選手B03,5,永田　瑛士,6,選手B05,7,小林　恒耀,8,選手B07,9,小杉　虎太郎,D,選手B09,大崎　新次郎,2,選手A01,3,平山　洋聖,4,選手A03,5,片岡　夏葉,6,選手A05,7,中井　大貴,8,選手A07,9,中妻　春登,D,選手A09,井上　隆太,右,,右,,左,,右,,右,,左,,右,,右,,左,,右,,右,,右,,左,,右,,右,,左,,右,,右,,左,,右,,0,,,,,,,,,,,,,,,,,,,,,,,,,,,,,,,,,,,,,,,平山　洋聖,選手A03,片岡　夏葉,選手A05,中井　大貴,選手A07,中妻　春登,,,,,,,,,0,
2026-10-01 12:01:18,秋季,リーグ戦,1,1,1,,滋賀大学(テスト),対戦校(テスト),2,1,表,0,0,0,1,0,打席完了,イニング継続,試合継続,0,0,0,0,0,0,1,選手B01,右,0,0,0,井上　隆太,右,2,選手A01,0,0,0,出塁,投球,0,131.9680749875937,131.85371637680396,ストレート,単打,0,7,0,0,52.56840057451639,109.78613700095448,0,0,0,0,0,2,選手B01,3,樋口　雄斗,4,選手B03,5,永田　瑛士,6,選手B05,7,小林　恒耀,8,選手B07,9,小杉　虎太郎,D,選手B09,大崎　新次郎,2,選手A01,3,平山　洋聖,4,選手A03,5,片岡　夏葉,6,選手A05,7,中井　大貴,8,選手A07,9,中妻　春登,D,選手A09,井上　隆太,右,,右,,左,,右,,右,,左,,右,,右,,左,,右,,右,,右,,左,,右,,右,,左,,右,,右,,左,,右,,0,,,,,,,,,,,,,,,,,,,,,,,,,,,,,,,,,,,,,,,平山　洋聖,選手A03,片岡　夏葉,選手A05,中井　大貴,選手A07,中妻　春登,,,,,,,,,0,
2026-10-01 12:01:33,秋季,リーグ戦,1,1,1,,滋賀大学(テスト),対戦校(テスト),3,1,表,0,0,0,0,0,打席継続,イニング継続,試合継続,1,選手B01,0,0,0,0,2,樋口　雄斗,右,0,0,0,井上　隆太,右,3,選手A01,二進,0,0,0,投球,0,97.95292058865788,217.60025142412132,スライダー,ボール,0,0,0,0,0,0,0,0,0,0,0,2,選手B01,3,樋口　雄斗,4,選手B03,5,永田　瑛士,6,選手B05,7,小林　恒耀,8,選手B07,9,小杉　虎太郎,D,選手B09,大崎　新次郎,2,選手A01,3,平山　洋聖,4,選手A03,5,片岡　夏葉,6,選手A05,7,中井　大貴,8,選手A07,9,中妻　春登,D,選手A09,井上　隆太,右,,右,,左,,右,,右,,左,,右,,右,,左,,右,,右,,右,,左,,右,,右,,左,,右,,右,,左,,右,,0,,,,,,,,,,,,,,,,,,,,,,,,,,,,,,,,,,,,,,,平山　洋聖,選手A03,片岡　夏葉,選手A05,中井　大貴,選手A07,中妻　春登,,,,,,,,,0,
2026-10-01 12:01:59,秋季,リーグ戦,1,1,1,,滋賀大学(テスト),対戦校(テスト),4,1,表,0,0,0,1,0,打席完了,イニング継続,試合継続,0,0,1,選手B01,0,0,2,樋口　雄斗,右,0,0,0,井上　隆太,右,4,選手A01,0,残留,0,アウト,投球,0,159.9597124617179,155.59345955106124,ストレート,凡打死,0,6,ゴロ,0,98.74992054406489,114.52179464760363,0,0,0,0,0,2,選手B01,3,樋口　雄斗,4,選手B03,5,永田　瑛士,6,選手B05,7,小林　恒耀,8,選手B07,9,小杉　虎太郎,D,選手B09,大崎　新次郎,2,選手A01,3,平山　洋聖,4,選手A03,5,片岡　夏葉,6,選手A05,7,中井　大貴,8,選手A07,9,中妻　春登,D,選手A09,井上　隆太,右,,右,,左,,右,,右,,左,,右,,右,,左,,右,,右,,右,,左,,右,,右,,左,,右,,右,,左,,右,,0,,,,,,,,,,,,,,,,,,,,,,,,,,,,,,,,,,,,,,,平山　洋聖,選手A03,片岡　夏葉,選手A05,中井　大貴,選手A07,中妻　春登,,,,,,,,,0,
2026-10-01 12:02:35,秋季,リーグ戦,1,1,1,,滋賀大学(テスト),対戦校(テスト),5,1,表,0,0,0,0,1,打席完了,イニング継続,試合継続,0,0,1,選手B01,0,0,3,選手B03,左,0,0,0,井上　隆太,右,5,選手A01,0,継続,0,出塁,投球,0,235.4308362843568,56.38259255416508,カーブ,死球,0,0,0,0,0,0,0,0,0,0,0,2,選手B01,3,樋口　雄斗,4,選手B03,5,永田　瑛士,6,選手B05,7,小林　恒耀,8,選手B07,9,小杉　虎太郎,D,選手B09,大崎　新次郎,2,選手A01,3,平山　洋聖,4,選手A03,5,片岡　夏葉,6,選手A05,7,中井　大貴,8,選手A07,9,中妻　春登,D,選手A09,井上　隆太,右,,右,,左,,右,,右,,左,,右,,右,,左,,右,,右,,右,,左,,右,,右,,左,,右,,右,,左,,右,,0,,,,,,,,,,,,,,,,,,,,,,,,,,,,,,,,,,,,,,,平山　洋聖,選手A03,片岡　夏葉,選手A05,中井　大貴,選手A07,中妻　春登,,,,,,,,,0,
2026-10-01 12:02:47,秋季,リーグ戦,1,1,1,,滋賀大学(テスト),対戦校(テスト),6,1,表,0,0,0,0,1,打席継続,イニング継続,試合継続,3,選手B03,1,選手B01,0,0,4,永田　瑛士,右,0,0,0,井上　隆太,右,6,選手A01,投手牽制死,継続,0,0,牽制,0,0,0,0,0,0,0,0,0,0,0,一塁牽制,0,0,0,0,2,選手B01,3,樋口　雄斗,4,選手B03,5,永田　瑛士,6,選手B05,7,小林　恒耀,8,選手B07,9,小杉　虎太郎,D,選手B09,大崎　新次郎,2,選手A01,3,平山　洋聖,4,選手A03,5,片岡　夏葉,6,選手A05,7,中井　大貴,8,選手A07,9,中妻　春登,D,選手A09,井上　隆太,右,,右,,左,,右,,右,,左,,右,,右,,左,,右,,右,,右,,左,,右,,右,,左,,右,,右,,左,,右,,0,,,,,,,,,,,,,,,,,,,,,,,,,,,,,,,,,,,,,,,平山　洋聖,選手A03,片岡　夏葉,選手A05,中井　大貴,選手A07,中妻　春登,,,,,,,,,0,
2026-10-01 12:03:10,秋季,リーグ戦,1,1,1,,滋賀大学(テスト),対戦校(テスト),7,1,表,0,0,0,0,2,打席完了,イニング継続,試合継続,0,0,1,選手B01,0,0,4,永田　瑛士,右,0,0,0,井上　隆太,右,6,選手A01,0,本進,0,二進,投球,0,85.55156221404584,105.98802605261314,ストレート,二塁打,0,9,ライナー,A,218.3482158498187,104.1625435455586,0,0,0,0,0,2,選手B01,3,樋口　雄斗,4,選手B03,5,永田　瑛士,6,選手B05,7,小林　恒耀,8,選手B07,9,小杉　虎太郎,D,選手B09,大崎　新次郎,2,選手A01,3,平山　洋聖,4,選手A03,5,片岡　夏葉,6,選手A05,7,中井　大貴,8,選手A07,9,中妻　春登,D,選手A09,井上　隆太,右,,右,,左,,右,,右,,左,,右,,右,,左,,右,,右,,右,,左,,右,,右,,左,,右,,右,,左,,右,,0,,,,,,,,,,,,,,,,,,,,,,,,,,,,,,,,,,,,,,,平山　洋聖,選手A03,片岡　夏葉,選手A05,中井　大貴,選手A07,中妻　春登,,,,,,,,,0,
2026-10-01 12:05:32,秋季,リーグ戦,1,1,1,,滋賀大学(テスト),対戦校(テスト),8,1,表,1,0,0,0,2,打席完了,イニング完了,試合継続,0,0,4,永田　瑛士,0,0,5,選手B05,右,0,0,0,井上　隆太,右,7,選手A01,0,三進,0,アウト,投球,0,147.5583540871059,93.58666767800113,ストレート,犠飛,0,8,フライ,0,172.1666958802702,68.34913259277438,0,0,0,0,0,2,選手B01,3,樋口　雄斗,4,選手B03,5,永田　瑛士,6,選手B05,7,小林　恒耀,8,選手B07,9,小杉　虎太郎,D,選手B09,大崎　新次郎,2,選手A01,3,平山　洋聖,4,選手A03,5,片岡　夏葉,6,選手A05,7,中井　大貴,8,選手A07,9,中妻　春登,D,選手A09,井上　隆太,右,,右,,左,,右,,右,,左,,右,,右,,左,,右,,右,,右,,左,,右,,右,,左,,右,,右,,左,,右,,0,1,,,,,,,,,,,,,,,,,,,,,,,,,,,,,,,,,,,,,,平山　洋聖,選手A03,片岡　夏葉,選手A05,中井　大貴,選手A07,中妻　春登,,,,,,,,,0,
2026-10-01 12:06:17,秋季,リーグ戦,1,1,1,,滋賀大学(テスト),対戦校(テスト),9,1,裏,1,0,0,0,0,打席完了,イニング開始,試合継続,0,0,0,0,0,0,1,選手A01,右,0,0,0,大崎　新次郎,右,1,選手B01,0,0,0,本進,投球,0,110.35427896326986,111.6572184524358,ストレート,本塁打,0,0,フライ,A,52.56840057451639,68.34913259277438,0,0,0,0,0,2,選手B01,3,樋口　雄斗,4,選手B03,5,永田　瑛士,6,選手B05,7,小林　恒耀,8,選手B07,9,小杉　虎太郎,D,選手B09,大崎　新次郎,2,選手A01,3,平山　洋聖,4,選手A03,5,片岡　夏葉,6,選手A05,7,中井　大貴,8,選手A07,9,中妻　春登,D,選手A09,井上　隆太,右,,右,,左,,右,,右,,左,,右,,右,,左,,右,,右,,右,,左,,右,,右,,左,,右,,右,,左,,右,,0,1,,,,,,,,,,,,,,,,,,,,,,,,,,,,,,,,,,,,,,樋口　雄斗,選手B03,永田　瑛士,選手B05,小林　恒耀,選手B07,小杉　虎太郎,,,,,,,,,0,
2026-10-01 12:06:46,秋季,リーグ戦,1,1,1,,滋賀大学(テスト),対戦校(テスト),10,1,裏,1,1,0,0,0,打席完了,イニング継続,試合継続,0,0,0,0,0,0,2,平山　洋聖,右,0,0,0,大崎　新次郎,右,2,選手B01,0,0,0,出塁,投球,0,159.9597124617179,130.7907428018372,ストレート,単打,0,8,0,0,166.54202357628674,89.06763479686441,0,0,0,0,0,2,選手B01,3,樋口　雄斗,4,選手B03,5,永田　瑛士,6,選手B05,7,小林　恒耀,8,選手B07,9,小杉　虎太郎,D,選手B09,大崎　新次郎,2,選手A01,3,平山　洋聖,4,選手A03,5,片岡　夏葉,6,選手A05,7,中井　大貴,8,選手A07,9,中妻　春登,D,選手A09,井上　隆太,右,,右,,左,,右,,右,,左,,右,,右,,左,,右,,右,,右,,左,,右,,右,,左,,右,,右,,左,,右,,0,1,,,,,,,,,,,,,,,1,,,,,,,,,,,,,,,,,,,,,,,樋口　雄斗,選手B03,永田　瑛士,選手B05,小林　恒耀,選手B07,小杉　虎太郎,,,,,,,,,0,
2026-10-01 12:06:50,秋季,リーグ戦,1,1,1,,滋賀大学(テスト),対戦校(テスト),11,1,裏,1,1,0,0,0,打席完了,イニング継続,試合継続,2,平山　洋聖,0,0,0,0,3,選手A03,左,0,0,0,大崎　新次郎,右,3,選手B01,二進,0,0,出塁,投球,0,85.55156221404584,155.59345955106124,ストレート,単打,0,7,0,0,52.56840057451639,114.52179464760363,0,0,0,0,0,2,選手B01,3,樋口　雄斗,4,選手B03,5,永田　瑛士,6,選手B05,7,小林　恒耀,8,選手B07,9,小杉　虎太郎,D,選手B09,大崎　新次郎,2,選手A01,3,平山　洋聖,4,選手A03,5,片岡　夏葉,6,選手A05,7,中井　大貴,8,選手A07,9,中妻　春登,D,選手A09,井上　隆太,右,,右,,左,,右,,右,,左,,右,,右,,左,,右,,右,,右,,左,,右,,右,,左,,右,,右,,左,,右,,0,1,,,,,,,,,,,,,,,1,,,,,,,,,,,,,,,,,,,,,,,樋口　雄斗,選手B03,永田　瑛士,選手B05,小林　恒耀,選手B07,小杉　虎太郎,,,,,,,,,0,
2026-10-01 12:07:05,秋季,リーグ戦,1,1,1,,滋賀大学(テスト),対戦校(テスト),12,1,裏,1,1,0,0,0,打席完了,イニング継続,試合継続,3,選手A03,2,平山　洋聖,0,0,4,片岡　夏葉,右,0,0,0,大崎　新次郎,右,4,選手B01,封殺,三進,0,アウト,投球,0,135.1569957124939,205.1988930495093,ストレート,凡打死,0,6,ゴロ,0,94.01335439334198,114.52179464760363,0,0,0,0,0,2,選手B01,3,樋口　雄斗,4,選手B03,5,永田　瑛士,6,選手B05,7,小林　恒耀,8,選手B07,9,小杉　虎太郎,D,選手B09,大崎　新次郎,2,選手A01,3,平山　洋聖,4,選手A03,5,片岡　夏葉,6,選手A05,7,中井　大貴,8,選手A07,9,中妻　春登,D,選手A09,井上　隆太,右,,右,,左,,右,,右,,左,,右,,右,,左,,右,,右,,右,,左,,右,,右,,左,,右,,右,,左,,右,,0,1,,,,,,,,,,,,,,,1,,,,,,,,,,,,,,,,,,,,,,,樋口　雄斗,選手B03,永田　瑛士,選手B05,小林　恒耀,選手B07,小杉　虎太郎,,,,,,,,,0,
2026-10-01 12:07:42,秋季,リーグ戦,1,1,1,,滋賀大学(テスト),対戦校(テスト),13,1,裏,1,1,0,0,2,打席継続,イニング継続,試合継続,0,0,0,0,2,平山　洋聖,5,選手A05,右,0,0,0,大崎　新次郎,右,5,選手B01,0,0,本進,0,投球,0,131.9680749875937,248.07216057316796,フォーク,ボール,0,0,0,0,0,0,0,0,0,0,0,2,選手B01,3,樋口　雄斗,4,選手B03,5,永田　瑛士,6,選手B05,7,小林　恒耀,8,選手B07,9,小杉　虎太郎,D,選手B09,大崎　新次郎,2,選手A01,3,平山　洋聖,4,選手A03,5,片岡　夏葉,6,選手A05,7,中井　大貴,8,選手A07,9,中妻　春登,D,選手A09,井上　隆太,右,,右,,左,,右,,右,,左,,右,,右,,左,,右,,右,,右,,左,,右,,右,,左,,右,,右,,左,,右,,0,1,,,,,,,,,,,,,,,1,,,,,,,,,,,,,,,,,,,,,,,樋口　雄斗,選手B03,永田　瑛士,選手B05,小林　恒耀,選手B07,小杉　虎太郎,,,,,,,,,0,
2026-10-01 12:08:11,秋季,リーグ戦,1,1,1,,滋賀大学(テスト),対戦校(テスト),14,1,裏,1,2,0,1,2,打席継続,イニング継続,試合継続,0,0,0,0,0,0,5,選手A05,右,0,0,0,大崎　新次郎,右,6,選手B01,0,0,0,0,投球,0,184.76242921094197,180.39617630028525,チェンジ,見逃し,0,0,0,0,0,0,0,0,0,0,0,2,選手B01,3,樋口　雄斗,4,選手B03,5,永田　瑛士,6,選手B05,7,小林　恒耀,8,選手B07,9,小杉　虎太郎,D,選手B09,大崎　新次郎,2,選手A01,3,平山　洋聖,4,選手A03,5,片岡　夏葉,6,選手A05,7,中井　大貴,8,選手A07,9,中妻　春登,D,選手A09,井上　隆太,右,,右,,左,,右,,右,,左,,右,,右,,左,,右,,右,,右,,左,,右,,右,,左,,右,,右,,左,,右,,0,1,,,,,,,,,,,,,,,2,,,,,,,,,,,,,,,,,,,,,,,樋口　雄斗,選手B03,永田　瑛士,選手B05,小林　恒耀,選手B07,小杉　虎太郎,,,,,,,,,0,
2026-10-01 12:08:13,秋季,リーグ戦,1,1,1,,滋賀大学(テスト),対戦校(テスト),15,1,裏,1,2,1,1,2,打席継続,イニング継続,試合継続,0,0,0,0,0,0,5,選手A05,右,0,0,0,大崎　新次郎,右,7,選手B01,0,0,0,0,投球,0,210.62811953513278,205.1988930495093,スライダー,空振り,0,0,0,0,0,0,0,0,0,0,0,2,選手B01,3,樋口　雄斗,4,選手B03,5,永田　瑛士,6,選手B05,7,小林　恒耀,8,選手B07,9,小杉　虎太郎,D,選手B09,大崎　新次郎,2,選手A01,3,平山　洋聖,4,選手A03,5,片岡　夏葉,6,選手A05,7,中井　大貴,8,選手A07,9,中妻　春登,D,選手A09,井上　隆太,右,,右,,左,,右,,右,,左,,右,,右,,左,,右,,右,,右,,左,,右,,右,,左,,右,,右,,左,,右,,0,1,,,,,,,,,,,,,,,2,,,,,,,,,,,,,,,,,,,,,,,樋口　雄斗,選手B03,永田　瑛士,選手B05,小林　恒耀,選手B07,小杉　虎太郎,,,,,,,,,0,
2026-10-01 12:08:15,秋季,リーグ戦,1,1,1,,滋賀大学(テスト),対戦校(テスト),16,1,裏,1,2,2,1,2,打席完了,イニング完了,試合継続,0,0,0,0,0,0,5,選手A05,右,0,0,0,大崎　新次郎,右,8,選手B01,0,0,0,アウト,投球,0,147.5583540871059,105.98802605261314,ストレート,見逃し三振,0,0,0,0,0,0,0,0,0,0,0,2,選手B01,3,樋口　雄斗,4,選手B03,5,永田　瑛士,6,選手B05,7,小林　恒耀,8,選手B07,9,小杉　虎太郎,D,選手B09,大崎　新次郎,2,選手A01,3,平山　洋聖,4,選手A03,5,片岡　夏葉,6,選手A05,7,中井　大貴,8,選手A07,9,中妻　春登,D,選手A09,井上　隆太,右,,右,,左,,右,,右,,左,,右,,右,,左,,右,,右,,右,,左,,右,,右,,左,,右,,右,,左,,右,,0,1,,,,,,,,,,,,,,,2,,,,,,,,,,,,,,,,,,,,,,,樋口　雄斗,選手B03,永田　瑛士,選手B05,小林　恒耀,選手B07,小杉　虎太郎,,,,,,,,,0,
2026-10-01 13:33:34,秋季,リーグ戦,1,1,1,,滋賀大学(テスト),対戦校(テスト),17,2,表,1,2,0,0,0,打席継続,イニング開始,試合継続,0,0,0,0,0,0,6,小林　恒耀,左,0,0,0,井上　隆太,右,8,選手A01,0,0,0,0,投球,0,191.14027066074243,165.86887077573974,ストレート,見逃し,0,0,0,0,0,0,0,0,0,0,0,2,選手B01,3,樋口　雄斗,4,選手B03,5,永田　瑛士,6,選手B05,7,小林　恒耀,8,選手B07,9,小杉　虎太郎,D,選手B09,大崎　新次郎,2,選手A01,3,平山　洋聖,4,選手A03,5,片岡　夏葉,6,選手A05,7,中井　大貴,8,選手A07,9,中妻　春登,D,選手A09,井上　隆太,右,,右,,左,,右,,右,,左,,右,,右,,左,,右,,右,,右,,左,,右,,右,,左,,右,,右,,左,,右,,0,1,,,,,,,,,,,,,,,2,,,,,,,,,,,,,,,,,,,,,,,平山　洋聖,選手A03,片岡　夏葉,選手A05,中井　大貴,選手A07,中妻　春登,,,,,,,,,0,
2026-10-01 14:00:58,秋季,リーグ戦,1,1,1,,滋賀大学(テスト),対戦校(テスト),18,2,表,1,2,1,0,0,打席完了,イニング継続,試合継続,0,0,0,0,0,0,6,小林　恒耀,左,0,0,0,井上　隆太,右,9,選手A01,0,0,0,出塁,投球,0,147.5583540871059,155.59345955106124,ストレート,エラー,0,6,ゴロ,0,96.08560208428327,118.36951648550605,0,0,0,0,0,2,選手B01,3,樋口　雄斗,4,選手B03,5,永田　瑛士,6,選手B05,7,小林　恒耀,8,選手B07,9,小杉　虎太郎,D,選手B09,大崎　新次郎,2,選手A01,3,平山　洋聖,4,選手A03,5,片岡　夏葉,6,選手A05,7,中井　大貴,8,選手A07,9,中妻　春登,D,選手A09,井上　隆太,右,,右,,左,,右,,右,,左,,右,,右,,左,,右,,右,,右,,左,,右,,右,,左,,右,,右,,左,,右,,0,1,,,,,,,,,,,,,,,2,,,,,,,,,,,,,,,,,,,,,,,平山　洋聖,選手A03,片岡　夏葉,選手A05,中井　大貴,選手A07,中妻　春登,,,,,,,,,0,
2026-10-01 14:01:44,秋季,リーグ戦,1,1,1,,滋賀大学(テスト),対戦校(テスト),19,2,表,1,2,0,0,0,打席継続,イニング継続,試合継続,6,小林　恒耀,0,0,0,0,7,選手B07,右,0,0,0,井上　隆太,右,10,選手A01,封殺,0,0,0,投球,0,210.62811953513278,56.38259255416508,ストレート,ボール,0,0,0,0,0,0,0,0,0,0,0,2,選手B01,3,樋口　雄斗,4,選手B03,5,永田　瑛士,6,選手B05,7,小林　恒耀,8,選手B07,9,小杉　虎太郎,D,選手B09,大崎　新次郎,2,選手A01,3,平山　洋聖,4,選手A03,5,片岡　夏葉,6,選手A05,7,中井　大貴,8,選手A07,9,中妻　春登,D,選手A09,井上　隆太,右,,右,,左,,右,,右,,左,,右,,右,,左,,右,,右,,右,,左,,右,,右,,左,,右,,右,,左,,右,,0,1,,,,,,,,,,,,,,,2,,,,,,,,,,,,,,,,,,,,,,,平山　洋聖,選手A03,片岡　夏葉,選手A05,中井　大貴,選手A07,中妻　春登,,,,,,,,,0,
2026-10-01 14:02:13,秋季,リーグ戦,1,1,1,,滋賀大学(テスト),対戦校(テスト),20,2,表,1,2,0,1,1,打席継続,イニング継続,試合継続,0,0,0,0,0,0,7,選手B07,右,0,0,0,井上　隆太,右,11,選手A01,0,0,0,0,投球,0,159.9597124617179,217.60025142412132,スライダー,空振り,0,0,0,0,0,0,0,0,0,0,0,2,選手B01,3,樋口　雄斗,4,選手B03,5,永田　瑛士,6,選手B05,7,小林　恒耀,8,選手B07,9,小杉　虎太郎,D,選手B09,大崎　新次郎,2,選手A01,3,平山　洋聖,4,選手A03,5,片岡　夏葉,6,選手A05,7,中井　大貴,8,選手A07,9,中妻　春登,D,選手A09,井上　隆太,右,,右,,左,,右,,右,,左,,右,,右,,左,,右,,右,,右,,左,,右,,右,,左,,右,,右,,左,,右,,0,1,,,,,,,,,,,,,,,2,,,,,,,,,,,,,,,,,,,,,,,平山　洋聖,選手A03,片岡　夏葉,選手A05,中井　大貴,選手A07,中妻　春登,,,,,,,,,0,
2026-10-01 14:02:15,秋季,リーグ戦,1,1,1,,滋賀大学(テスト),対戦校(テスト),21,2,表,1,2,1,1,1,打席継続,イニング継続,試合継続,0,0,0,0,0,0,7,選手B07,右,0,0,0,井上　隆太,右,12,選手A01,0,0,0,0,投球,0,110.35427896326986,230.0016097987333,カット,空振り,0,0,0,0,0,0,0,0,0,0,0,2,選手B01,3,樋口　雄斗,4,選手B03,5,永田　瑛士,6,選手B05,7,小林　恒耀,8,選手B07,9,小杉　虎太郎,D,選手B09,大崎　新次郎,2,選手A01,3,平山　洋聖,4,選手A03,5,片岡　夏葉,6,選手A05,7,中井　大貴,8,選手A07,9,中妻　春登,D,選手A09,井上　隆太,右,,右,,左,,右,,右,,左,,右,,右,,左,,右,,右,,右,,左,,右,,右,,左,,右,,右,,左,,右,,0,1,,,,,,,,,,,,,,,2,,,,,,,,,,,,,,,,,,,,,,,平山　洋聖,選手A03,片岡　夏葉,選手A05,中井　大貴,選手A07,中妻　春登,,,,,,,,,0,
2026-10-01 14:02:17,秋季,リーグ戦,1,1,1,,滋賀大学(テスト),対戦校(テスト),22,2,表,1,2,2,1,1,打席完了,イニング継続,試合継続,0,0,0,0,0,0,7,選手B07,右,0,0,0,井上　隆太,右,13,選手A01,0,0,0,出塁,投球,0,135.1569957124939,254.80432654795737,フォーク,振り逃げ,0,0,0,0,0,0,0,0,0,0,0,2,選手B01,3,樋口　雄斗,4,選手B03,5,永田　瑛士,6,選手B05,7,小林　恒耀,8,選手B07,9,小杉　虎太郎,D,選手B09,大崎　新次郎,2,選手A01,3,平山　洋聖,4,選手A03,5,片岡　夏葉,6,選手A05,7,中井　大貴,8,選手A07,9,中妻　春登,D,選手A09,井上　隆太,右,,右,,左,,右,,右,,左,,右,,右,,左,,右,,右,,右,,左,,右,,右,,左,,右,,右,,左,,右,,0,1,,,,,,,,,,,,,,,2,,,,,,,,,,,,,,,,,,,,,,,平山　洋聖,選手A03,片岡　夏葉,選手A05,中井　大貴,選手A07,中妻　春登,,,,,,,,,0,
2026-10-01 14:02:31,秋季,リーグ戦,1,1,1,,滋賀大学(テスト),対戦校(テスト),23,2,表,1,2,0,0,1,打席完了,イニング継続,試合継続,7,選手B07,0,0,0,0,8,小杉　虎太郎,右,0,0,0,井上　隆太,右,14,選手A01,二進,0,0,出塁,投球,0,0,0,0,敬遠,0,0,0,0,0,0,0,0,0,0,0,2,選手B01,3,樋口　雄斗,4,選手B03,5,永田　瑛士,6,選手B05,7,小林　恒耀,8,選手B07,9,小杉　虎太郎,D,選手B09,大崎　新次郎,2,選手A01,3,平山　洋聖,4,選手A03,5,片岡　夏葉,6,選手A05,7,中井　大貴,8,選手A07,9,中妻　春登,D,選手A09,井上　隆太,右,,右,,左,,右,,右,,左,,右,,右,,左,,右,,右,,右,,左,,右,,右,,左,,右,,右,,左,,右,,0,1,,,,,,,,,,,,,,,2,,,,,,,,,,,,,,,,,,,,,,,平山　洋聖,選手A03,片岡　夏葉,選手A05,中井　大貴,選手A07,中妻　春登,,,,,,,,,0,
2026-10-01 14:02:46,秋季,リーグ戦,1,1,1,,滋賀大学(テスト),対戦校(テスト),24,2,表,1,2,0,0,1,打席完了,イニング継続,試合継続,8,小杉　虎太郎,7,選手B07,0,0,9,選手B09,左,0,0,0,井上　隆太,右,14,選手A01,二進,三進,0,アウト,投球,0,122.75563733788191,93.58666767800113,ストレート,犠打,0,1,0,0,114.73583130275475,197.39580346396383,0,0,0,0,0,2,選手B01,3,樋口　雄斗,4,選手B03,5,永田　瑛士,6,選手B05,7,小林　恒耀,8,選手B07,9,小杉　虎太郎,D,選手B09,大崎　新次郎,2,選手A01,3,平山　洋聖,4,選手A03,5,片岡　夏葉,6,選手A05,7,中井　大貴,8,選手A07,9,中妻　春登,D,選手A09,井上　隆太,右,,右,,左,,右,,右,,左,,右,,右,,左,,右,,右,,右,,左,,右,,右,,左,,右,,右,,左,,右,,0,1,,,,,,,,,,,,,,,2,,,,,,,,,,,,,,,,,,,,,,,平山　洋聖,選手A03,片岡　夏葉,選手A05,中井　大貴,選手A07,中妻　春登,,,,,,,,,0,
2026-10-01 14:03:05,秋季,リーグ戦,1,1,1,,滋賀大学(テスト),対戦校(テスト),25,2,表,1,2,0,0,2,打席完了,イニング完了,試合継続,0,0,8,小杉　虎太郎,7,選手B07,1,選手B01,右,0,0,0,井上　隆太,右,15,選手A01,0,継続,継続,アウト,投球,0,85.55156221404584,56.38259255416508,スライダー,ファールフライ,0,3,フライ,0,228.70945430452508,203.01939691935968,0,0,0,0,0,2,選手B01,3,樋口　雄斗,4,選手B03,5,永田　瑛士,6,選手B05,7,小林　恒耀,8,選手B07,9,小杉　虎太郎,D,選手B09,大崎　新次郎,2,選手A01,3,平山　洋聖,4,選手A03,5,片岡　夏葉,6,選手A05,7,中井　大貴,8,選手A07,9,中妻　春登,D,選手A09,井上　隆太,右,,右,,左,,右,,右,,左,,右,,右,,左,,右,,右,,右,,左,,右,,右,,左,,右,,右,,左,,右,,0,1,,,,,,,,,,,,,,,2,,,,,,,,,,,,,,,,,,,,,,,平山　洋聖,選手A03,片岡　夏葉,選手A05,中井　大貴,選手A07,中妻　春登,,,,,,,,,0,
2026-10-01 14:03:29,秋季,リーグ戦,1,1,1,,滋賀大学(テスト),対戦校(テスト),26,2,裏,1,2,0,0,0,打席完了,イニング開始,試合継続,0,0,0,0,0,0,6,中井　大貴,左,0,0,0,大崎　新次郎,右,9,選手B01,0,0,0,出塁,投球,0,147.5583540871059,130.7907428018372,ストレート,打撃妨害,0,0,0,0,0,0,0,0,0,0,0,2,選手B01,3,樋口　雄斗,4,選手B03,5,永田　瑛士,6,選手B05,7,小林　恒耀,8,選手B07,9,小杉　虎太郎,D,選手B09,大崎　新次郎,2,選手A01,3,平山　洋聖,4,選手A03,5,片岡　夏葉,6,選手A05,7,中井　大貴,8,選手A07,9,中妻　春登,D,選手A09,井上　隆太,右,,右,,左,,右,,右,,左,,右,,右,,左,,右,,右,,右,,左,,右,,右,,左,,右,,右,,左,,右,,0,1,0,,,,,,,,,,,,,,2,,,,,,,,,,,,,,,,,,,,,,,樋口　雄斗,選手B03,永田　瑛士,選手B05,小林　恒耀,選手B07,小杉　虎太郎,,,,,,,,,0,
2026-10-01 14:04:28,秋季,リーグ戦,1,1,1,,滋賀大学(テスト),対戦校(テスト),27,2,裏,1,2,0,0,0,打席継続,イニング継続,試合継続,R,56,0,0,0,0,7,選手A07,右,0,0,0,大崎　新次郎,右,10,選手B01,二進,0,0,0,ボーク,0,0,0,0,ボーク,0,0,0,0,0,0,0,0,0,0,0,2,選手B01,3,樋口　雄斗,4,選手B03,5,永田　瑛士,6,選手B05,7,小林　恒耀,8,選手B07,9,小杉　虎太郎,D,選手B09,大崎　新次郎,2,選手A01,3,平山　洋聖,4,選手A03,5,片岡　夏葉,6,選手A05,7,56,8,選手A07,9,中妻　春登,D,選手A09,井上　隆太,右,,右,,左,,右,,右,,左,,右,,右,,左,,右,,右,,右,,左,,右,,右,,左,,右,,右,,左,,右,,0,1,0,,,,,,,,,,,,,,2,,,,,,,,,,,,,,,,,,,,,,,樋口　雄斗,選手B03,永田　瑛士,選手B05,小林　恒耀,選手B07,小杉　虎太郎,,,,,,,,,0,
2026-10-01 14:04:30,秋季,リーグ戦,1,1,1,,滋賀大学(テスト),対戦校(テスト),28,2,裏,1,2,0,0,0,打席継続,イニング継続,試合継続,0,0,R,56,0,0,7,選手A07,右,0,0,0,大崎　新次郎,右,10,選手B01,0,偽投,0,0,投球,0,48.347487090209775,56.38259255416508,ストレート,ボール,0,0,0,0,0,0,0,0,0,0,0,2,選手B01,3,樋口　雄斗,4,選手B03,5,永田　瑛士,6,選手B05,7,小林　恒耀,8,選手B07,9,小杉　虎太郎,D,選手B09,大崎　新次郎,2,選手A01,3,平山　洋聖,4,選手A03,5,片岡　夏葉,6,選手A05,7,56,8,選手A07,9,中妻　春登,D,選手A09,井上　隆太,右,,右,,左,,右,,右,,左,,右,,右,,左,,右,,右,,右,,左,,右,,右,,左,,右,,右,,左,,右,,0,1,0,,,,,,,,,,,,,,2,,,,,,,,,,,,,,,,,,,,,,,樋口　雄斗,選手B03,永田　瑛士,選手B05,小林　恒耀,選手B07,小杉　虎太郎,,,,,,,,,0,
2026-10-01 14:04:57,秋季,リーグ戦,1,1,1,,滋賀大学(テスト),対戦校(テスト),29,2,裏,1,2,0,1,0,打席継続,イニング継続,試合継続,0,0,R,56,0,0,7,選手A07,右,0,0,0,大崎　新次郎,右,11,選手B01,0,捕手牽制死,0,0,投球,0,60.748845464821805,242.40296817334539,カーブ,ボール,0,0,0,0,0,0,0,0,0,0,0,2,選手B01,3,樋口　雄斗,4,選手B03,5,永田　瑛士,6,選手B05,7,小林　恒耀,8,選手B07,9,小杉　虎太郎,D,選手B09,大崎　新次郎,2,選手A01,3,平山　洋聖,4,選手A03,5,片岡　夏葉,6,選手A05,7,56,8,選手A07,9,中妻　春登,D,選手A09,井上　隆太,右,,右,,左,,右,,右,,左,,右,,右,,左,,右,,右,,右,,左,,右,,右,,左,,右,,右,,左,,右,,0,1,0,,,,,,,,,,,,,,2,,,,,,,,,,,,,,,,,,,,,,,樋口　雄斗,選手B03,永田　瑛士,選手B05,小林　恒耀,選手B07,小杉　虎太郎,,,,,,,,,0,
2026-10-01 14:05:30,秋季,リーグ戦,1,1,1,,滋賀大学(テスト),対戦校(テスト),30,2,裏,1,2,0,2,1,打席完了,イニング継続,試合継続,0,0,0,0,0,0,H,57,右,0,0,0,大崎　新次郎,右,12,選手B01,0,0,0,出塁,投球,0,247.83219465896886,93.58666767800113,ストレート,死球,0,0,0,0,0,0,0,0,0,0,0,2,選手B01,3,樋口　雄斗,4,選手B03,5,永田　瑛士,6,選手B05,7,小林　恒耀,8,選手B07,9,小杉　虎太郎,D,選手B09,大崎　新次郎,2,選手A01,3,平山　洋聖,4,選手A03,5,片岡　夏葉,6,選手A05,7,56,8,57,9,中妻　春登,D,選手A09,井上　隆太,右,,右,,左,,右,,右,,左,,右,,右,,左,,右,,右,,右,,左,,右,,右,,左,,右,,右,,左,,右,,0,1,0,,,,,,,,,,,,,,2,,,,,,,,,,,,,,,,,,,,,,,樋口　雄斗,選手B03,永田　瑛士,選手B05,小林　恒耀,選手B07,小杉　虎太郎,,,,,,,,,0,
2026-10-01 14:05:45,秋季,リーグ戦,1,1,1,,滋賀大学(テスト),対戦校(テスト),31,2,裏,1,2,0,0,1,打席継続,イニング継続,試合継続,7,57,0,0,0,0,8,中妻　春登,右,0,0,0,大崎　新次郎,右,13,選手B01,サインミス,0,0,0,投球,0,147.5583540871059,180.39617630028525,シンカー,見逃し,0,0,0,0,0,0,0,0,0,0,0,2,選手B01,3,樋口　雄斗,4,選手B03,5,永田　瑛士,6,選手B05,7,小林　恒耀,8,選手B07,9,小杉　虎太郎,D,選手B09,大崎　新次郎,2,選手A01,3,平山　洋聖,4,選手A03,5,片岡　夏葉,6,選手A05,7,56,8,57,9,中妻　春登,D,選手A09,井上　隆太,右,,右,,左,,右,,右,,左,,右,,右,,左,,右,,右,,右,,左,,右,,右,,左,,右,,右,,左,,右,,0,1,0,,,,,,,,,,,,,,2,,,,,,,,,,,,,,,,,,,,,,,樋口　雄斗,選手B03,永田　瑛士,選手B05,小林　恒耀,選手B07,小杉　虎太郎,,,,,,,,,0,
2026-10-01 14:06:09,秋季,リーグ戦,1,1,1,,滋賀大学(テスト),対戦校(テスト),32,2,裏,1,2,1,0,1,打席完了,イニング完了,試合継続,7,57,0,0,0,0,8,中妻　春登,右,0,0,0,大崎　新次郎,右,14,選手B01,飛出アウト,0,0,アウト,投球,0,135.1569957124939,143.19210117644923,ストレート,凡打死,0,6,ライナー,0,98.74992054406489,120.1453881029995,0,0,0,0,0,2,選手B01,3,樋口　雄斗,4,選手B03,5,永田　瑛士,6,選手B05,7,小林　恒耀,8,選手B07,9,小杉　虎太郎,D,選手B09,大崎　新次郎,2,選手A01,3,平山　洋聖,4,選手A03,5,片岡　夏葉,6,選手A05,7,56,8,57,9,中妻　春登,D,選手A09,井上　隆太,右,,右,,左,,右,,右,,左,,右,,右,,左,,右,,右,,右,,左,,右,,右,,左,,右,,右,,左,,右,,0,1,0,,,,,,,,,,,,,,2,,,,,,,,,,,,,,,,,,,,,,,樋口　雄斗,選手B03,永田　瑛士,選手B05,小林　恒耀,選手B07,小杉　虎太郎,,,,,,,,,0,
2026-10-01 14:10:43,秋季,リーグ戦,1,1,1,,滋賀大学(テスト),対戦校(テスト),33,3,表,1,2,0,0,0,打席完了,イニング開始,試合継続,0,0,0,0,0,0,2,樋口　雄斗,右,0,0,0,選手A11,右,1,選手A01,0,0,0,アウト,投球,0,0,0,0,,0,0,0,0,239.07069275923152,89.06763479686441,0,0,0,0,0,2,選手B01,3,樋口　雄斗,4,選手B03,5,永田　瑛士,6,選手B05,7,小林　恒耀,8,選手B07,9,小杉　虎太郎,D,選手B09,大崎　新次郎,2,選手A01,3,平山　洋聖,4,選手A03,5,片岡　夏葉,6,選手A05,7,56,8,57,9,中妻　春登,D,選手A09,選手A11,右,,右,,左,,右,,右,,左,,右,,右,,左,,右,,右,,右,,左,,右,,右,,左,,右,,右,,左,,右,,0,1,0,,,,,,,,,,,,,,2,0,,,,,,,,,,,,,,,,,,,,,,平山　洋聖,選手A03,片岡　夏葉,選手A05,56,57,中妻　春登,,,,,,,,,0,
2026-10-01 14:12:28,秋季,リーグ戦,1,1,1,,滋賀大学(テスト),対戦校(テスト),34,3,表,1,2,0,0,1,打席完了,イニング継続,試合継続,0,0,0,0,0,0,3,選手B03,左,0,0,0,選手A11,右,1,選手A01,0,0,0,二進,投球,0,159.9597124617179,130.7907428018372,ストレート,二塁打,0,0,0,0,228.70945430452508,68.34913259277438,0,0,0,0,0,2,選手B01,3,樋口　雄斗,4,選手B03,5,永田　瑛士,6,選手B05,7,小林　恒耀,8,選手B07,9,小杉　虎太郎,D,選手B09,大崎　新次郎,2,選手A01,3,平山　洋聖,4,選手A03,5,片岡　夏葉,6,選手A05,7,56,8,57,9,中妻　春登,D,選手A09,選手A11,右,,右,,左,,右,,右,,左,,右,,右,,左,,右,,右,,右,,左,,右,,右,,左,,右,,右,,左,,右,,0,1,0,,,,,,,,,,,,,,2,0,,,,,,,,,,,,,,,,,,,,,,平山　洋聖,選手A03,片岡　夏葉,選手A05,56,57,中妻　春登,,,,,,,,,0,
2026-10-01 14:13:25,秋季,リーグ戦,1,1,1,,滋賀大学(テスト),対戦校(テスト),35,3,表,1,2,0,0,1,打席完了,イニング継続,試合継続,0,0,3,選手B03,0,0,4,永田　瑛士,右,0,0,0,選手A11,右,2,選手A01,0,本進タッチアウト,0,出塁,投球,0,110.35427896326986,130.7907428018372,ストレート,単打,0,0,0,0,176.90326203099312,89.06763479686441,0,0,0,0,0,2,選手B01,3,樋口　雄斗,4,選手B03,5,永田　瑛士,6,選手B05,7,小林　恒耀,8,選手B07,9,小杉　虎太郎,D,選手B09,大崎　新次郎,2,選手A01,3,平山　洋聖,4,選手A03,5,片岡　夏葉,6,選手A05,7,56,8,57,9,中妻　春登,D,選手A09,選手A11,右,,右,,左,,右,,右,,左,,右,,右,,左,,右,,右,,右,,左,,右,,右,,左,,右,,右,,左,,右,,0,1,0,,,,,,,,,,,,,,2,0,,,,,,,,,,,,,,,,,,,,,,平山　洋聖,選手A03,片岡　夏葉,選手A05,56,57,中妻　春登,,,,,,,,,0,
2026-10-01 14:14:05,秋季,リーグ戦,1,1,1,,滋賀大学(テスト),対戦校(テスト),36,3,表,1,2,0,0,0,打席継続,イニング継続,試合継続,4,永田　瑛士,3,選手B03,0,0,5,選手B05,右,0,0,0,選手A11,右,3,選手A01,継続,継続,0,0,投球,0,159.9597124617179,56.38259255416508,0,ボール,0,0,0,0,0,0,0,0,0,0,0,2,選手B01,3,樋口　雄斗,4,選手B03,5,永田　瑛士,6,選手B05,7,小林　恒耀,8,選手B07,9,小杉　虎太郎,D,選手B09,大崎　新次郎,2,選手A01,3,平山　洋聖,4,選手A03,5,片岡　夏葉,6,選手A05,7,56,8,57,9,中妻　春登,D,選手A09,選手A11,右,,右,,左,,右,,右,,左,,右,,右,,左,,右,,右,,右,,左,,右,,右,,左,,右,,右,,左,,右,,0,1,0,,,,,,,,,,,,,,2,0,,,,,,,,,,,,,,,,,,,,,,平山　洋聖,選手A03,片岡　夏葉,選手A05,56,57,中妻　春登,,,,,,,,,0,